{"quiz":{"hideAds":false,"id":81641},"result":{"width":600,"height":564,"image":"81641in1.png","overlays":[{"type":"profile","x":154,"y":204,"w":270,"h":219,"effect":"none","a":-0.80000000000000004},{"type":"profile","x":520,"y":203,"w":66,"h":84,"effect":"none","a":-0.80000000000000004}]}}