{"quiz":{"hideAds":false,"id":3532},"result":{"width":600,"height":745,"image":"3532.png","overlays":[{"type":"profile","x":296,"y":134,"w":168,"h":168,"effect":"none","a":3.8999999999999999},{"type":"profile","x":283,"y":297,"w":160,"h":160,"effect":"none","a":4.5999999999999996},{"type":"profile","x":253,"y":455,"w":176,"h":176,"effect":"none","a":4.2999999999999998}]}}