{"quiz":{"hideAds":false,"id":8190},"result":{"width":800,"height":1000,"image":"8190.png","overlays":[{"type":"profile","x":76,"y":187,"w":408,"h":408,"effect":"none","a":-9.1999999999999993},{"type":"profile","x":546,"y":70,"w":248,"h":248,"effect":"none","a":6.5999999999999996}]}}