{"quiz":{"hideAds":false,"id":5084},"result":{"width":600,"height":600,"image":"5084.png","overlays":[{"type":"profile","x":158,"y":359,"w":155,"h":233,"effect":"none","a":-42.600000000000001},{"type":"profile","x":349,"y":268,"w":108,"h":167,"effect":"none","a":-54.299999999999997}]}}