{"quiz":{"hideAds":false,"id":8205},"result":{"width":800,"height":950,"image":"8205.png","overlays":[{"type":"profile","x":347,"y":301,"w":211,"h":247,"effect":"none","a":51.899999999999999},{"type":"profile","x":625,"y":375,"w":220,"h":353,"effect":"none","a":39.100000000000001}]}}