{"quiz":{"hideAds":false,"id":4478},"result":{"width":600,"height":495,"image":"in.png","overlays":[{"type":"profile","x":-35,"y":215,"w":144,"h":144,"effect":"none","a":-2.2000000000000002},{"type":"profile","x":87,"y":198,"w":191,"h":191,"effect":"none","a":-5.2000000000000002},{"type":"profile","x":360,"y":151,"w":271,"h":271,"effect":"none","a":-4.0999999999999996}]}}