{"quiz":{"hideAds":false,"id":3978},"result":{"width":800,"height":533,"image":"3978.png","overlays":[{"type":"profile","x":576,"y":100,"w":69,"h":341,"effect":"none","a":1.1000000000000001},{"type":"profile","x":163,"y":156,"w":95,"h":151,"effect":"none","a":1.1000000000000001},{"type":"profile","x":26,"y":154,"w":136,"h":154,"effect":"none","a":1.1000000000000001},{"type":"profile","x":266,"y":98,"w":306,"h":320,"effect":"none","a":1.1000000000000001}]}}