{"quiz":{"hideAds":false,"id":8147},"result":{"width":600,"height":627,"image":"8147in.png","overlays":[{"type":"profile","x":123,"y":72,"w":209,"h":264,"effect":"none","a":4.7999999999999998},{"type":"profile","x":328,"y":121,"w":199,"h":232,"effect":"none","a":-0.40000000000000002}]}}